asin,title,brand,category,price,bsr,rating,reviews,monthly_sales,monthly_revenue,listed_date,score
B00PACNJZR,MobiMount Phone Mount for Car Fast Charging 360° Rotation Dashboard Holder,MobiMount,手机支架,17.69,3861,4.8,187,80,1415.2,2023-07-30,76.7
B0DL9WUVL8,FlexiHold Phone Mount for Car Magnetic Charging 360° Rotation Dashboard Holder,FlexiHold,手机支架,10.12,6408,3.5,67,64,647.68,2025-09-29,57.8
B0FTTMFMW1,Wireless Earbuds Wide Compatibility 40H Playtime Active Noise Cancelling - Midnight Gray,AuraTech,无线耳机,45.81,2016,4.0,277,163,7467.03,2025-11-05,82.0
B0YZG94N0X,EcoSmart LED Smart Bulb Ergonomic Design 16 Million Colors Voice Control,EcoSmart,智能家居,31.86,18900,4.5,76,28,892.08,2025-11-27,42.8
B00GXXLD8R,HydroFlow Insulated Water Bottle Touch Control Stainless Steel BPA Free,HydroFlow,运动水壶,10.83,2850,4.2,221,114,1234.62,2025-11-14,71.9
B0EF03EIF5,Motivational Water Bottle Auto-Pairing with Time Marker 64oz - PeakSip,PeakSip,运动水壶,14.63,10974,3.6,43,56,819.28,2025-04-14,49.7
B0P3Z9DF1T,QuickClip Phone Mount for Car Ergonomic Design 360° Rotation Dashboard Holder,QuickClip,手机支架,20.4,10614,4.3,69,50,1020.0,2024-08-24,58.3
B0Y4YXXWRU,BassBoom Wireless Earbuds Bluetooth 5.3 with Wide Compatibility - Midnight Gray,BassBoom,无线耳机,61.07,673,4.5,273,295,18015.65,2024-07-19,90.3
B06FR8O4GS,EcoSmart Smart Plug WiFi Outlet Auto-Pairing Works with Alexa Google Home,EcoSmart,智能家居,33.86,14253,4.0,24,29,981.94,2023-06-27,42.9
B0NXGT4MBN,HomeIQ Smart Plug WiFi Outlet Wide Compatibility Works with Alexa Google Home,HomeIQ,智能家居,14.08,12020,4.4,51,28,394.24,2023-11-10,52.7
B0VUYD7CLJ,TrailDrop Insulated Water Bottle Touch Control Stainless Steel BPA Free,TrailDrop,运动水壶,19.94,2498,5.0,79,136,2711.84,2024-07-19,79.3
B0TOP64FZE,Smart Power Strip Foldable Design 4 USB Ports Surge Protector - HomeIQ,HomeIQ,智能家居,12.89,12564,4.7,92,34,438.26,2025-11-23,53.3
B0UYIZ80I4,HydroFlow Sports Water Bottle Premium Sound Quality Leak-Proof Lid 32oz - Forest Green,HydroFlow,运动水壶,44.15,8449,3.8,62,64,2825.6,2024-09-13,61.2
B0DLR96MPH,Smart Power Strip Magnetic Charging 4 USB Ports Surge Protector - SmartLink,SmartLink,智能家居,31.93,6929,4.5,95,49,1564.57,2025-07-24,67.5
B079CI80EZ,WaveSound Wireless Earbuds Bluetooth 5.3 with Foldable Design - White,WaveSound,无线耳机,39.99,1496,4.8,282,249,9957.51,2024-04-10,88.8
B0BFM7I4GO,NexaHome Smart Plug WiFi Outlet Auto-Pairing Works with Alexa Google Home,NexaHome,智能家居,52.96,10532,4.4,77,35,1853.6,2025-10-30,59.2
B0UJRGJ5VA,TrailDrop Insulated Water Bottle Fast Charging Stainless Steel BPA Free,TrailDrop,运动水壶,33.16,368,4.4,578,305,10113.8,2024-05-16,92.7
B032I2UKY7,Wireless Earbuds Foldable Design 40H Playtime Active Noise Cancelling - Rose Gold,ClearAudio,无线耳机,22.24,3262,4.6,98,141,3135.84,2025-04-16,76.4
B05TZ0G3YI,AuraTech TWS Bluetooth Headphones Deep Bass IPX7 Waterproof,AuraTech,无线耳机,39.83,4665,3.9,110,133,5297.39,2025-05-06,71.8
B0FQ5HQOWC,SoundPro TWS Bluetooth Headphones One-Step Setup IPX7 Waterproof,SoundPro,无线耳机,20.22,5929,3.6,32,83,1678.26,2023-08-28,59.9
B0UT8YP6DW,FlexiHold Desk Phone Stand Deep Bass Adjustable Height for iPhone Android,FlexiHold,手机支架,32.57,4436,4.8,155,78,2540.46,2025-09-28,75.7
B0EGFKTOV9,ClearPeak Insulated Water Bottle Foldable Design Stainless Steel BPA Free,ClearPeak,运动水壶,39.97,1434,4.0,161,144,5755.68,2023-10-21,79.9
B0S9ATRFEK,HomeIQ Smart Plug WiFi Outlet Foldable Design Works with Alexa Google Home,HomeIQ,智能家居,26.3,8121,4.8,48,35,920.5,2024-02-25,64.9
B0BQ8Z1G6W,QuickClip Phone Mount for Car Auto-Pairing 360° Rotation Dashboard Holder,QuickClip,手机支架,14.7,7428,5.0,93,57,837.9,2023-09-19,66.3
B00VZRY1JL,Universal Car Phone Holder Fast Charging Strong Suction Cup - StandPro,StandPro,手机支架,28.65,1980,4.1,263,137,3925.05,2025-08-18,79.9
B089DRNV98,Smart Power Strip Touch Control 4 USB Ports Surge Protector - NexaHome,NexaHome,智能家居,16.25,616,3.5,256,147,2388.75,2023-11-04,78.5
B0HI8VHX63,MobiMount Desk Phone Stand Built-in Mic Adjustable Height for iPhone Android,MobiMount,手机支架,25.17,1628,4.5,139,112,2819.04,2025-01-05,79.7
B0S7ZP1G2J,Wireless Earbuds Wide Compatibility 40H Playtime Active Noise Cancelling - Rose Gold,BassBoom,无线耳机,68.6,4102,4.5,179,99,6791.4,2023-07-20,75.0
B0YWOY7ZKH,FlexiHold Phone Mount for Car Wide Compatibility 360° Rotation Dashboard Holder,FlexiHold,手机支架,18.6,706,4.5,338,239,4445.4,2024-06-07,86.2
B0APDQ0YCQ,GripMax Phone Mount for Car Deep Bass 360° Rotation Dashboard Holder,GripMax,手机支架,16.27,11399,4.0,29,50,813.5,2025-10-12,49.7
B0XT07VYF5,SmartLink LED Smart Bulb LED Display 16 Million Colors Voice Control,SmartLink,智能家居,30.76,12881,4.9,71,32,984.32,2025-03-27,56.8
B0RB29Z55P,QuickClip Desk Phone Stand Magnetic Charging Adjustable Height for iPhone Android,QuickClip,手机支架,21.36,9525,3.8,102,42,897.12,2023-11-27,58.5
B0TVRH20FJ,Wireless Earbuds Auto-Pairing 40H Playtime Active Noise Cancelling - Navy Blue,WaveSound,无线耳机,61.78,6422,3.6,54,97,5992.66,2024-03-10,64.3
B0VZB4ESWG,GripMax Desk Phone Stand Magnetic Charging Adjustable Height for iPhone Android,GripMax,手机支架,17.15,11843,4.7,79,47,806.05,2025-09-23,57.9
B0MMRYQTB6,Wireless Earbuds Wide Compatibility 40H Playtime Active Noise Cancelling - Forest Green,SoundPro,无线耳机,22.12,3472,4.3,47,116,2565.92,2023-12-17,72.5
B0TGVTEFCX,GripMax Phone Mount for Car LED Display 360° Rotation Dashboard Holder,GripMax,手机支架,18.49,11269,3.7,58,37,684.13,2024-03-24,53.6
B0FABHHBIG,Smart Power Strip Built-in Mic 4 USB Ports Surge Protector - HomeIQ,HomeIQ,智能家居,41.67,9754,4.9,52,43,1791.81,2023-10-26,63.2
B0IM2FV06I,FlexiHold Desk Phone Stand Touch Control Adjustable Height for iPhone Android,FlexiHold,手机支架,19.56,13901,4.5,95,39,762.84,2024-02-02,53.0
B0X2PVMZJ5,Smart Power Strip Foldable Design 4 USB Ports Surge Protector - HomeIQ,HomeIQ,智能家居,49.75,12737,3.6,91,37,1840.75,2024-05-28,51.5
B0MVQUAVG5,Universal Car Phone Holder Deep Bass Strong Suction Cup - StandPro,StandPro,手机支架,10.9,14073,4.2,88,45,490.5,2023-10-03,46.7
B0L98YP8M9,Smart Power Strip Touch Control 4 USB Ports Surge Protector - SmartLink,SmartLink,智能家居,51.37,8769,3.7,77,32,1643.84,2024-12-30,59.3
B0X2UXS57V,WaveSound Wireless Earbuds Bluetooth 5.3 with Touch Control - Black,WaveSound,无线耳机,37.33,684,3.6,258,368,13737.44,2025-09-25,86.5
B0T65XFVD2,SoundPro TWS Bluetooth Headphones Magnetic Charging IPX7 Waterproof,SoundPro,无线耳机,51.05,4483,4.7,100,94,4798.7,2025-01-01,75.4
B0Z05PU5BT,Universal Car Phone Holder Built-in Mic Strong Suction Cup - GripMax,GripMax,手机支架,9.62,8773,4.7,123,51,490.62,2025-07-31,59.7
B0UC5RIULY,LumiPro LED Smart Bulb Fast Charging 16 Million Colors Voice Control,LumiPro,智能家居,28.15,15506,3.6,48,34,957.1,2025-07-09,44.1
B07U241SBH,PeakSip Insulated Water Bottle Foldable Design Stainless Steel BPA Free,PeakSip,运动水壶,40.35,11222,4.7,38,57,2299.95,2023-09-06,56.7
B0YH1QYAII,EcoSmart LED Smart Bulb Touch Control 16 Million Colors Voice Control,EcoSmart,智能家居,58.59,13422,4.7,63,31,1816.29,2024-07-18,53.7
B06R5NCU9F,Motivational Water Bottle Auto-Pairing with Time Marker 64oz - TrailDrop,TrailDrop,运动水壶,31.61,9334,4.7,103,57,1801.77,2025-11-09,64.0
B0S9QZ7WY1,StandPro Phone Mount for Car Wide Compatibility 360° Rotation Dashboard Holder,StandPro,手机支架,29.53,10877,4.6,80,55,1624.15,2025-02-11,59.9
B0NWC79TI0,SoundPro Wireless Earbuds Bluetooth 5.3 with Touch Control - Black,SoundPro,无线耳机,46.79,422,4.7,543,478,22365.62,2023-09-14,97.5
B08F826OCO,EcoSmart LED Smart Bulb Ergonomic Design 16 Million Colors Voice Control,EcoSmart,智能家居,50.93,13276,4.5,31,35,1782.55,2024-04-29,49.4
B0JL4TLWU4,AquaFit Sports Water Bottle Ergonomic Design Leak-Proof Lid 32oz - Rose Gold,AquaFit,运动水壶,31.78,9098,4.7,128,66,2097.48,2025-05-14,65.1
B00G5QU2RN,HydroFlow Insulated Water Bottle One-Step Setup Stainless Steel BPA Free,HydroFlow,运动水壶,42.15,7235,4.8,104,75,3161.25,2024-10-13,69.6
B07T572PTV,Smart Power Strip LED Display 4 USB Ports Surge Protector - LumiPro,LumiPro,智能家居,30.77,2109,4.1,126,93,2861.61,2023-08-14,76.5
B02Z1O6Q7J,Smart Power Strip Wide Compatibility 4 USB Ports Surge Protector - LumiPro,LumiPro,智能家居,38.2,7673,4.9,100,43,1642.6,2025-10-27,68.1
B0Y7E2T3J7,EcoSmart Smart Plug WiFi Outlet Ergonomic Design Works with Alexa Google Home,EcoSmart,智能家居,29.34,2345,4.0,182,94,2757.96,2025-10-04,76.5
B05QGEOCVU,Universal Car Phone Holder Ergonomic Design Strong Suction Cup - FlexiHold,FlexiHold,手机支架,26.53,12765,3.7,108,36,955.08,2024-08-29,51.6
B07G6PIIHK,Wireless Earbuds Fast Charging 40H Playtime Active Noise Cancelling - Midnight Gray,WaveSound,无线耳机,64.91,1082,4.0,138,276,17915.16,2025-09-06,83.9
B0H7OTFCZD,PeakSip Sports Water Bottle Built-in Mic Leak-Proof Lid 32oz - White,PeakSip,运动水壶,42.46,10568,4.6,103,65,2759.9,2023-11-07,61.6
B02E6O04HL,PeakSip Sports Water Bottle LED Display Leak-Proof Lid 32oz - Rose Gold,PeakSip,运动水壶,12.62,3487,4.0,150,106,1337.72,2023-11-11,69.4
B0M0U945VQ,SoundPro Wireless Earbuds Bluetooth 5.3 with Touch Control - Forest Green,SoundPro,无线耳机,56.23,7594,3.6,118,100,5623.0,2025-09-02,63.7
B0AW6WY7B3,FlexiHold Phone Mount for Car LED Display 360° Rotation Dashboard Holder,FlexiHold,手机支架,23.11,4977,4.7,62,82,1895.02,2024-02-08,72.0
B0CN3SJF17,Smart Power Strip Built-in Mic 4 USB Ports Surge Protector - LumiPro,LumiPro,智能家居,35.33,16092,3.8,22,32,1130.56,2025-05-18,37.8
B0OG8LJL69,PeakSip Sports Water Bottle Wide Compatibility Leak-Proof Lid 32oz - Rose Gold,PeakSip,运动水壶,37.47,7025,4.8,95,65,2435.55,2025-01-16,69.4
B08RATRHU4,NexaHome LED Smart Bulb Premium Sound Quality 16 Million Colors Voice Control,NexaHome,智能家居,22.03,7482,4.7,127,50,1101.5,2025-03-14,67.6
B0HHGGL0W4,BassBoom TWS Bluetooth Headphones Deep Bass IPX7 Waterproof,BassBoom,无线耳机,16.88,504,3.7,491,418,7055.84,2023-11-25,87.0
B0CGIYK4XP,ClearPeak Sports Water Bottle Auto-Pairing Leak-Proof Lid 32oz - White,ClearPeak,运动水壶,29.87,698,3.6,394,204,6093.48,2024-08-15,83.8
B05AUWOEAU,GripMax Desk Phone Stand Touch Control Adjustable Height for iPhone Android,GripMax,手机支架,10.59,8618,4.9,47,57,603.63,2024-12-09,59.6
B01INO27CT,Motivational Water Bottle Auto-Pairing with Time Marker 64oz - ClearPeak,ClearPeak,运动水壶,38.15,11264,3.7,62,44,1678.6,2024-11-17,54.3
B08Q2B2PGY,Universal Car Phone Holder Wide Compatibility Strong Suction Cup - GripMax,GripMax,手机支架,20.7,11844,4.7,44,52,1076.4,2024-01-19,56.1
B0XZGU01PG,FlexiHold Phone Mount for Car Auto-Pairing 360° Rotation Dashboard Holder,FlexiHold,手机支架,15.62,5906,3.8,109,72,1124.64,2023-08-02,66.0
B0XPH9CHLW,SoundPro Wireless Earbuds Bluetooth 5.3 with Fast Charging - White,SoundPro,无线耳机,34.5,904,4.5,309,254,8763.0,2025-01-01,88.1
B0VDVYN7AW,Wireless Earbuds Fast Charging 40H Playtime Active Noise Cancelling - Navy Blue,SoundPro,无线耳机,61.11,2163,4.6,265,197,12038.67,2023-11-03,85.7
B0OFTFQY7J,AquaFit Sports Water Bottle LED Display Leak-Proof Lid 32oz - Midnight Gray,AquaFit,运动水壶,40.86,2712,4.0,178,107,4372.02,2025-02-21,76.8
B0R9ME9FWG,Universal Car Phone Holder Foldable Design Strong Suction Cup - MobiMount,MobiMount,手机支架,9.9,11960,4.0,58,42,415.8,2025-05-18,48.8
B0ENF8VBSV,GripMax Phone Mount for Car Touch Control 360° Rotation Dashboard Holder,GripMax,手机支架,10.33,6001,4.5,90,74,764.42,2024-09-22,64.2
B09F48Y8IJ,Universal Car Phone Holder Magnetic Charging Strong Suction Cup - MobiMount,MobiMount,手机支架,14.41,5188,3.7,147,73,1051.93,2025-01-01,65.2
B0X0328OT2,Smart Power Strip Foldable Design 4 USB Ports Surge Protector - LumiPro,LumiPro,智能家居,34.74,11514,3.8,111,35,1215.9,2023-12-28,54.9
B0N67T3YSH,LumiPro LED Smart Bulb LED Display 16 Million Colors Voice Control,LumiPro,智能家居,35.85,11274,3.6,106,31,1111.35,2025-08-27,54.2
B0FSFFZM6I,LumiPro LED Smart Bulb Ergonomic Design 16 Million Colors Voice Control,LumiPro,智能家居,45.43,11138,3.6,91,32,1453.76,2024-02-08,54.4
B06AZF9DGU,Universal Car Phone Holder Auto-Pairing Strong Suction Cup - StandPro,StandPro,手机支架,9.34,14417,4.3,37,33,308.22,2025-06-22,41.7
B0F7JFVMGT,SmartLink LED Smart Bulb Fast Charging 16 Million Colors Voice Control,SmartLink,智能家居,55.55,14115,4.6,45,34,1888.7,2025-11-21,50.9
B0HGQAMAIS,AuraTech TWS Bluetooth Headphones Built-in Mic IPX7 Waterproof,AuraTech,无线耳机,71.14,4870,4.6,160,96,6829.44,2024-11-03,73.2
B0U3VSR3IC,Motivational Water Bottle One-Step Setup with Time Marker 64oz - PeakSip,PeakSip,运动水壶,25.44,3179,4.6,44,100,2544.0,2025-08-15,73.9
B0XDATR6UT,Smart Power Strip Foldable Design 4 USB Ports Surge Protector - HomeIQ,HomeIQ,智能家居,25.38,19616,4.4,64,24,609.12,2023-08-14,40.4
B0R260L92X,Motivational Water Bottle LED Display with Time Marker 64oz - HydroFlow,HydroFlow,运动水壶,29.83,3939,4.3,43,101,3012.83,2023-10-18,71.0
B069BBG94Z,Motivational Water Bottle Wide Compatibility with Time Marker 64oz - TrailDrop,TrailDrop,运动水壶,15.77,405,3.8,615,378,5961.06,2024-08-16,86.7
B01NYZWSM4,EcoSmart LED Smart Bulb LED Display 16 Million Colors Voice Control,EcoSmart,智能家居,30.16,17544,4.0,44,25,754.0,2025-06-18,41.0
B0C4XOIVSD,Smart Power Strip Premium Sound Quality 4 USB Ports Surge Protector - SmartLink,SmartLink,智能家居,45.8,4168,4.0,85,72,3297.6,2024-02-14,71.5
B0LBR8QA72,FlexiHold Desk Phone Stand Fast Charging Adjustable Height for iPhone Android,FlexiHold,手机支架,27.13,7639,3.8,29,50,1356.5,2024-10-06,56.6
B0T55DSMEU,Universal Car Phone Holder LED Display Strong Suction Cup - StandPro,StandPro,手机支架,28.13,1342,4.9,275,155,4360.15,2024-06-09,85.7
B0FTEMDEO0,SmartLink LED Smart Bulb Foldable Design 16 Million Colors Voice Control,SmartLink,智能家居,19.29,6571,4.6,127,38,733.02,2025-09-12,68.7
B00QE9YFPM,HydroFlow Insulated Water Bottle Fast Charging Stainless Steel BPA Free,HydroFlow,运动水壶,40.89,11497,3.7,48,55,2248.95,2024-09-21,53.5
B075LEHBK8,WaveSound Wireless Earbuds Bluetooth 5.3 with Foldable Design - Midnight Gray,WaveSound,无线耳机,73.32,4953,4.2,152,126,9238.32,2025-12-02,72.2
B0W1F7BSKZ,SoundPro TWS Bluetooth Headphones LED Display IPX7 Waterproof,SoundPro,无线耳机,22.13,3144,4.3,78,136,3009.68,2024-07-22,74.7
B0YTZ1HO10,HomeIQ LED Smart Bulb Foldable Design 16 Million Colors Voice Control,HomeIQ,智能家居,38.42,13884,3.6,46,36,1383.12,2024-06-07,47.2
B0OH018JS1,BassBoom TWS Bluetooth Headphones Built-in Mic IPX7 Waterproof,BassBoom,无线耳机,66.59,2667,4.1,108,138,9189.42,2023-07-11,76.6
B0Y6JHXU88,AuraTech TWS Bluetooth Headphones Magnetic Charging IPX7 Waterproof,AuraTech,无线耳机,16.76,3769,4.6,99,118,1977.68,2025-07-02,74.7
B0IUMASW7Z,TrailDrop Sports Water Bottle Premium Sound Quality Leak-Proof Lid 32oz - Navy Blue,TrailDrop,运动水壶,26.08,7821,4.8,86,71,1851.68,2025-03-08,67.2
B0JVC3TIPQ,TrailDrop Insulated Water Bottle LED Display Stainless Steel BPA Free,TrailDrop,运动水壶,35.8,8435,4.6,29,60,2148.0,2024-03-21,59.5
B0X8RTH01E,Universal Car Phone Holder Built-in Mic Strong Suction Cup - QuickClip,QuickClip,手机支架,29.7,1997,4.1,260,102,3029.4,2023-07-14,79.3
B06NZJTM3Y,GripMax Phone Mount for Car Foldable Design 360° Rotation Dashboard Holder,GripMax,手机支架,34.25,5132,3.6,75,76,2603.0,2024-02-17,66.9
B0T3572W3E,SmartLink Smart Plug WiFi Outlet Foldable Design Works with Alexa Google Home,SmartLink,智能家居,22.61,3776,4.2,106,67,1514.87,2023-11-25,72.5
B0JIJOJL9R,Smart Power Strip One-Step Setup 4 USB Ports Surge Protector - EcoSmart,EcoSmart,智能家居,43.05,2160,4.7,157,97,4175.85,2025-06-01,80.9
B0KEXJDHHN,WaveSound TWS Bluetooth Headphones One-Step Setup IPX7 Waterproof,WaveSound,无线耳机,49.04,3572,4.5,110,151,7405.04,2025-02-10,78.4
B0MDIBTRG7,HomeIQ LED Smart Bulb Auto-Pairing 16 Million Colors Voice Control,HomeIQ,智能家居,22.47,5332,4.5,146,51,1145.97,2025-09-03,71.3
B04041NOT9,WaveSound TWS Bluetooth Headphones Magnetic Charging IPX7 Waterproof,WaveSound,无线耳机,62.68,6912,4.0,121,83,5202.44,2025-09-27,65.8
B0WSK86IKQ,LumiPro LED Smart Bulb Touch Control 16 Million Colors Voice Control,LumiPro,智能家居,18.5,18155,4.6,50,25,462.5,2025-10-07,44.0
B0HRHKP8FX,Wireless Earbuds Foldable Design 40H Playtime Active Noise Cancelling - Forest Green,WaveSound,无线耳机,20.6,5379,4.3,74,124,2554.4,2024-03-23,69.9
B0K53L59G6,Smart Power Strip Foldable Design 4 USB Ports Surge Protector - LumiPro,LumiPro,智能家居,43.29,13608,4.8,54,32,1385.28,2023-07-29,54.8
B095SWSG56,WaveSound TWS Bluetooth Headphones Foldable Design IPX7 Waterproof,WaveSound,无线耳机,38.24,419,3.5,142,503,19234.72,2023-08-06,85.3
B0D424WQCT,Motivational Water Bottle Magnetic Charging with Time Marker 64oz - PeakSip,PeakSip,运动水壶,22.76,4748,4.2,158,80,1820.8,2025-06-09,71.6
B09WNUBXLO,Wireless Earbuds Wide Compatibility 40H Playtime Active Noise Cancelling - Black,AuraTech,无线耳机,30.07,4378,3.9,75,118,3548.26,2023-07-12,70.6
B0YR015EB5,Smart Power Strip Built-in Mic 4 USB Ports Surge Protector - EcoSmart,EcoSmart,智能家居,58.98,15197,3.5,60,34,2005.32,2024-03-21,44.1
B0I3RO08LZ,Wireless Earbuds Fast Charging 40H Playtime Active Noise Cancelling - Midnight Gray,WaveSound,无线耳机,34.74,7269,4.6,116,99,3439.26,2024-06-18,68.9
B0MFB5H77M,SmartLink Smart Plug WiFi Outlet Magnetic Charging Works with Alexa Google Home,SmartLink,智能家居,55.13,17740,4.8,69,25,1378.25,2025-03-05,45.9
B0DPT12ZBK,Universal Car Phone Holder One-Step Setup Strong Suction Cup - GripMax,GripMax,手机支架,26.75,5256,4.5,63,75,2006.25,2025-09-04,70.6
B0SGNWVABL,EcoSmart LED Smart Bulb Ergonomic Design 16 Million Colors Voice Control,EcoSmart,智能家居,55.64,11988,3.5,84,29,1613.56,2025-07-18,51.3
B00TWLWMME,AuraTech TWS Bluetooth Headphones Wide Compatibility IPX7 Waterproof,AuraTech,无线耳机,68.9,1293,4.1,193,239,16467.1,2025-08-17,84.3
B046R9FVJI,TrailDrop Sports Water Bottle Premium Sound Quality Leak-Proof Lid 32oz - Black,TrailDrop,运动水壶,21.25,917,4.5,109,202,4292.5,2024-11-24,81.6
B01BBV8J0R,FlexiHold Desk Phone Stand Ergonomic Design Adjustable Height for iPhone Android,FlexiHold,手机支架,14.49,607,4.7,473,256,3709.44,2025-08-28,87.0
B04U0DDX5D,FlexiHold Phone Mount for Car Wide Compatibility 360° Rotation Dashboard Holder,FlexiHold,手机支架,10.03,9483,4.3,113,42,421.26,2024-10-03,56.3
B0SR4ERRRS,PeakSip Sports Water Bottle One-Step Setup Leak-Proof Lid 32oz - White,PeakSip,运动水壶,30.98,6763,3.6,58,60,1858.8,2025-03-23,62.9
B0XBOQJOG8,Universal Car Phone Holder Ergonomic Design Strong Suction Cup - FlexiHold,FlexiHold,手机支架,9.99,7741,4.6,116,61,609.39,2025-07-24,61.4
B03ATPHFA2,Motivational Water Bottle Ergonomic Design with Time Marker 64oz - ClearPeak,ClearPeak,运动水壶,31.77,6091,3.7,130,80,2541.6,2025-12-03,66.4
B0D7U9WVUT,ClearAudio Wireless Earbuds Bluetooth 5.3 with Touch Control - Forest Green,ClearAudio,无线耳机,30.36,4784,4.7,59,94,2853.84,2024-03-23,73.0
B0H232046M,NexaHome Smart Plug WiFi Outlet One-Step Setup Works with Alexa Google Home,NexaHome,智能家居,19.97,1854,3.8,110,95,1897.15,2025-04-01,74.6
B0D9ZWDGAI,QuickClip Desk Phone Stand Auto-Pairing Adjustable Height for iPhone Android,QuickClip,手机支架,8.83,11308,3.8,27,46,406.18,2025-08-24,42.8
B03FZ92NNA,HydroFlow Sports Water Bottle One-Step Setup Leak-Proof Lid 32oz - Rose Gold,HydroFlow,运动水壶,44.79,10367,3.8,81,65,2911.35,2025-08-29,57.8
B06V4E1WBQ,Smart Power Strip Premium Sound Quality 4 USB Ports Surge Protector - HomeIQ,HomeIQ,智能家居,38.25,15738,3.6,86,34,1300.5,2023-07-30,45.0
B00XV2501A,TrailDrop Sports Water Bottle Deep Bass Leak-Proof Lid 32oz - Navy Blue,TrailDrop,运动水壶,19.13,523,4.7,535,263,5031.19,2025-10-20,90.7
B0GLWZ2FQ5,GripMax Desk Phone Stand LED Display Adjustable Height for iPhone Android,GripMax,手机支架,12.96,930,4.4,363,170,2203.2,2025-03-04,81.1
B0LY2EDHVK,WaveSound Wireless Earbuds Bluetooth 5.3 with Wide Compatibility - Forest Green,WaveSound,无线耳机,31.39,6777,4.5,61,93,2919.27,2024-02-16,68.1
B0F8KP85D3,Motivational Water Bottle Foldable Design with Time Marker 64oz - ClearPeak,ClearPeak,运动水壶,43.42,7813,4.2,118,73,3169.66,2025-05-09,65.7
B01N54C6RV,AuraTech TWS Bluetooth Headphones Deep Bass IPX7 Waterproof,AuraTech,无线耳机,69.6,5243,4.3,44,97,6751.2,2023-09-11,67.8
B0Q7EQCRG6,Smart Power Strip Touch Control 4 USB Ports Surge Protector - SmartLink,SmartLink,智能家居,42.67,1640,4.1,139,103,4395.01,2025-04-05,78.7
B0IL5EUDDV,AuraTech Wireless Earbuds Bluetooth 5.3 with Ergonomic Design - Midnight Gray,AuraTech,无线耳机,18.53,3569,4.8,176,153,2835.09,2025-03-11,78.0
B0EBYDF0E9,Smart Power Strip Ergonomic Design 4 USB Ports Surge Protector - SmartLink,SmartLink,智能家居,34.67,18827,3.8,40,24,832.08,2023-10-06,36.5
B0J96GQVUM,PeakSip Sports Water Bottle Ergonomic Design Leak-Proof Lid 32oz - Forest Green,PeakSip,运动水壶,33.42,4811,4.3,112,69,2305.98,2025-10-08,71.5
B0V0T5CR2C,PeakSip Insulated Water Bottle Built-in Mic Stainless Steel BPA Free,PeakSip,运动水壶,42.48,6863,4.1,133,79,3355.92,2025-07-25,67.5
B0B73MSUDJ,SoundPro Wireless Earbuds Bluetooth 5.3 with Foldable Design - White,SoundPro,无线耳机,30.48,4228,3.9,49,143,4358.64,2023-08-05,70.7
B029067LQ9,Universal Car Phone Holder Foldable Design Strong Suction Cup - StandPro,StandPro,手机支架,34.32,9159,4.0,70,56,1921.92,2024-10-31,60.3
B0375LOB02,Universal Car Phone Holder Touch Control Strong Suction Cup - StandPro,StandPro,手机支架,21.05,2536,4.2,52,87,1831.35,2023-12-31,74.2
B0F0ZRY9YH,Motivational Water Bottle Fast Charging with Time Marker 64oz - PeakSip,PeakSip,运动水壶,29.94,2936,4.1,183,90,2694.6,2025-02-01,75.8
B0W1AOZY4P,Universal Car Phone Holder One-Step Setup Strong Suction Cup - MobiMount,MobiMount,手机支架,13.85,12326,4.2,100,39,540.15,2023-11-13,52.0
B0TKW0XJH0,Universal Car Phone Holder Auto-Pairing Strong Suction Cup - GripMax,GripMax,手机支架,34.64,11645,4.2,41,47,1628.08,2025-07-20,53.6
B0KAGAH78E,Motivational Water Bottle Touch Control with Time Marker 64oz - ClearPeak,ClearPeak,运动水壶,29.5,5474,4.4,163,86,2537.0,2024-12-11,71.8
B05MCXPH1P,SmartLink LED Smart Bulb Magnetic Charging 16 Million Colors Voice Control,SmartLink,智能家居,35.47,11875,4.6,102,30,1064.1,2025-05-15,57.9
B097Z59P66,Smart Power Strip Ergonomic Design 4 USB Ports Surge Protector - HomeIQ,HomeIQ,智能家居,21.19,8256,4.7,123,43,911.17,2025-05-11,65.9
B0C8CVZRGF,EcoSmart Smart Plug WiFi Outlet Premium Sound Quality Works with Alexa Google Home,EcoSmart,智能家居,45.61,8185,4.6,84,37,1687.57,2023-08-12,65.4
B0LD8V43S0,Universal Car Phone Holder One-Step Setup Strong Suction Cup - GripMax,GripMax,手机支架,9.16,4531,3.7,77,84,769.44,2024-01-16,62.3
B091N2ACBZ,Universal Car Phone Holder Premium Sound Quality Strong Suction Cup - FlexiHold,FlexiHold,手机支架,10.49,12600,4.5,52,36,377.64,2025-11-07,50.2
B0Y3Y9MLZT,WaveSound Wireless Earbuds Bluetooth 5.3 with One-Step Setup - Midnight Gray,WaveSound,无线耳机,29.47,4785,3.9,78,130,3831.1,2023-09-01,70.0
B0N24O51EY,Wireless Earbuds Touch Control 40H Playtime Active Noise Cancelling - Navy Blue,AuraTech,无线耳机,69.57,1024,4.8,288,297,20662.29,2024-03-19,89.9
B0G4J8RX3Y,TrailDrop Sports Water Bottle Deep Bass Leak-Proof Lid 32oz - Black,TrailDrop,运动水壶,33.5,6140,4.4,53,82,2747.0,2024-11-26,68.6
B0PNO6AEO1,Universal Car Phone Holder Ergonomic Design Strong Suction Cup - MobiMount,MobiMount,手机支架,31.86,13437,3.6,69,36,1146.96,2023-11-19,49.2
B0P1QS1BKY,AuraTech TWS Bluetooth Headphones Ergonomic Design IPX7 Waterproof,AuraTech,无线耳机,65.82,5948,4.0,122,99,6516.18,2025-06-08,68.1
B02GZ3CEVE,SoundPro Wireless Earbuds Bluetooth 5.3 with One-Step Setup - Navy Blue,SoundPro,无线耳机,67.41,6344,3.9,136,84,5662.44,2023-07-26,66.2
B0IE65IKBU,HomeIQ Smart Plug WiFi Outlet Fast Charging Works with Alexa Google Home,HomeIQ,智能家居,48.68,8030,3.9,131,35,1703.8,2023-06-17,63.0
B0IC5K25P6,Smart Power Strip Deep Bass 4 USB Ports Surge Protector - HomeIQ,HomeIQ,智能家居,26.93,11326,4.7,77,28,754.04,2025-07-28,58.8
B0NPIZMTAI,EcoSmart LED Smart Bulb Fast Charging 16 Million Colors Voice Control,EcoSmart,智能家居,58.64,18078,3.6,35,22,1290.08,2023-12-20,34.7
B0CPLJICVQ,AquaFit Sports Water Bottle Wide Compatibility Leak-Proof Lid 32oz - Navy Blue,AquaFit,运动水壶,19.55,9390,3.6,71,50,977.5,2024-10-28,57.2
B0T591WQ0F,ClearAudio Wireless Earbuds Bluetooth 5.3 with Touch Control - Midnight Gray,ClearAudio,无线耳机,59.8,5962,4.2,122,114,6817.2,2025-07-17,70.3
B050EZUC0A,GripMax Phone Mount for Car Built-in Mic 360° Rotation Dashboard Holder,GripMax,手机支架,11.49,13648,4.2,102,49,563.01,2025-06-01,48.1
B0R852W3JV,Smart Power Strip Wide Compatibility 4 USB Ports Surge Protector - NexaHome,NexaHome,智能家居,41.29,10211,4.8,70,43,1775.47,2024-04-09,62.1
B0TJ8MLHKX,Motivational Water Bottle LED Display with Time Marker 64oz - HydroFlow,HydroFlow,运动水壶,16.89,5794,3.6,112,87,1469.43,2024-04-15,65.5
B0VNC0EPL9,ClearAudio TWS Bluetooth Headphones Built-in Mic IPX7 Waterproof,ClearAudio,无线耳机,77.02,7889,4.8,136,96,7393.92,2025-11-14,67.2
B0PEE97O9R,ClearAudio Wireless Earbuds Bluetooth 5.3 with LED Display - Navy Blue,ClearAudio,无线耳机,62.83,4880,4.7,109,121,7602.43,2023-10-14,74.7
B0D2GNMHYA,StandPro Phone Mount for Car Built-in Mic 360° Rotation Dashboard Holder,StandPro,手机支架,28.9,2718,4.4,128,112,3236.8,2024-04-22,77.1
B0377WF1EP,WaveSound Wireless Earbuds Bluetooth 5.3 with Touch Control - White,WaveSound,无线耳机,16.64,2770,4.0,221,152,2529.28,2024-12-09,76.2
B0DVULIRCZ,AquaFit Sports Water Bottle One-Step Setup Leak-Proof Lid 32oz - White,AquaFit,运动水壶,23.58,8783,3.8,87,66,1556.28,2024-09-03,60.1
B0TE47QCYG,Motivational Water Bottle Wide Compatibility with Time Marker 64oz - PeakSip,PeakSip,运动水壶,32.19,11658,4.3,73,52,1673.88,2024-02-20,56.7
B0VV3VRP18,MobiMount Desk Phone Stand Auto-Pairing Adjustable Height for iPhone Android,MobiMount,手机支架,21.12,7192,3.9,122,58,1224.96,2025-06-24,64.2
B0IPNIP4S5,PeakSip Insulated Water Bottle Touch Control Stainless Steel BPA Free,PeakSip,运动水壶,38.53,6971,3.7,66,73,2812.69,2025-02-08,63.7
B02XGZQAXL,HydroFlow Sports Water Bottle Magnetic Charging Leak-Proof Lid 32oz - Forest Green,HydroFlow,运动水壶,34.03,10472,4.7,89,55,1871.65,2024-12-04,61.5
B0OSKKUATM,PeakSip Insulated Water Bottle Touch Control Stainless Steel BPA Free,PeakSip,运动水壶,35.28,7868,4.5,119,66,2328.48,2023-10-22,66.5
B0U08R7LWI,AuraTech Wireless Earbuds Bluetooth 5.3 with Fast Charging - Forest Green,AuraTech,无线耳机,67.47,863,4.4,220,316,21320.52,2024-05-17,87.4
B0DV01GIE1,HomeIQ Smart Plug WiFi Outlet Wide Compatibility Works with Alexa Google Home,HomeIQ,智能家居,23.52,7894,4.7,74,48,1128.96,2024-08-22,65.9
B0GF7VCONG,ClearPeak Sports Water Bottle One-Step Setup Leak-Proof Lid 32oz - Midnight Gray,ClearPeak,运动水壶,33.65,7966,4.7,132,52,1749.8,2023-09-14,67.2
B0N08CIS8H,ClearAudio TWS Bluetooth Headphones Magnetic Charging IPX7 Waterproof,ClearAudio,无线耳机,63.76,7303,4.7,96,105,6694.8,2024-06-06,68.9
B04TEZXJ5N,TrailDrop Sports Water Bottle Auto-Pairing Leak-Proof Lid 32oz - Forest Green,TrailDrop,运动水壶,43.43,2823,4.7,116,99,4299.57,2025-01-20,78.9
B0OYEAMOIM,AuraTech TWS Bluetooth Headphones Fast Charging IPX7 Waterproof,AuraTech,无线耳机,49.5,1308,3.6,202,209,10345.5,2025-10-21,82.0
B0CFPDK8OV,QuickClip Phone Mount for Car One-Step Setup 360° Rotation Dashboard Holder,QuickClip,手机支架,31.5,11205,4.2,101,53,1669.5,2024-02-23,57.6
B0OUGXI7K3,BassBoom Wireless Earbuds Bluetooth 5.3 with Built-in Mic - Forest Green,BassBoom,无线耳机,64.65,7696,3.5,41,82,5301.3,2024-05-08,58.0
B06MP2GWRL,HydroFlow Sports Water Bottle Magnetic Charging Leak-Proof Lid 32oz - Navy Blue,HydroFlow,运动水壶,21.28,4240,4.9,125,94,2000.32,2025-05-04,75.7
B06YCFYEEI,TrailDrop Insulated Water Bottle One-Step Setup Stainless Steel BPA Free,TrailDrop,运动水壶,35.65,4711,4.0,84,74,2638.1,2024-12-20,69.9
B09THPLA0P,AuraTech TWS Bluetooth Headphones Built-in Mic IPX7 Waterproof,AuraTech,无线耳机,56.46,4122,4.2,183,101,5702.46,2023-11-22,74.8
B0TZYEPRUR,StandPro Desk Phone Stand One-Step Setup Adjustable Height for iPhone Android,StandPro,手机支架,13.02,10341,4.4,110,52,677.04,2023-07-04,56.8
B0SUJ4LQAN,PeakSip Insulated Water Bottle One-Step Setup Stainless Steel BPA Free,PeakSip,运动水壶,25.56,11570,3.6,24,55,1405.8,2024-04-07,46.6
B0NNSF6NSR,TrailDrop Insulated Water Bottle Magnetic Charging Stainless Steel BPA Free,TrailDrop,运动水壶,25.1,7250,3.5,64,64,1606.4,2025-01-04,61.3
B0MQFM37NQ,GripMax Phone Mount for Car Auto-Pairing 360° Rotation Dashboard Holder,GripMax,手机支架,20.15,708,4.0,435,220,4433.0,2024-03-23,85.4
B0MHRZ9EO6,Wireless Earbuds Ergonomic Design 40H Playtime Active Noise Cancelling - Rose Gold,WaveSound,无线耳机,32.31,6721,4.8,105,101,3263.31,2025-04-11,70.7
B01MTQ6NCH,Wireless Earbuds One-Step Setup 40H Playtime Active Noise Cancelling - Forest Green,SoundPro,无线耳机,43.15,5088,4.6,144,116,5005.4,2025-07-23,74.8
B0202R5R69,QuickClip Desk Phone Stand Ergonomic Design Adjustable Height for iPhone Android,QuickClip,手机支架,11.48,13433,4.8,88,44,505.12,2024-02-11,51.3
B0R5BNGFG5,Universal Car Phone Holder Ergonomic Design Strong Suction Cup - FlexiHold,FlexiHold,手机支架,11.31,14523,4.4,37,43,486.33,2023-08-18,43.2
B0NHR4FNM7,Wireless Earbuds Premium Sound Quality 40H Playtime Active Noise Cancelling - Rose Gold,ClearAudio,无线耳机,22.28,6975,4.5,121,82,1826.96,2024-08-27,68.0
B0Q3VZ9PKF,Motivational Water Bottle Built-in Mic with Time Marker 64oz - HydroFlow,HydroFlow,运动水壶,13.36,1162,4.9,78,219,2925.84,2023-12-31,78.7
B0PKDEYTIT,HomeIQ Smart Plug WiFi Outlet Premium Sound Quality Works with Alexa Google Home,HomeIQ,智能家居,54.45,3585,4.8,113,57,3103.65,2024-01-31,76.3
B0WJZWOZOV,AquaFit Insulated Water Bottle Premium Sound Quality Stainless Steel BPA Free,AquaFit,运动水壶,38.88,10553,4.3,55,56,2177.28,2025-09-22,58.9
B0C7SFRHXR,HydroFlow Sports Water Bottle Deep Bass Leak-Proof Lid 32oz - White,HydroFlow,运动水壶,28.99,6460,4.5,125,77,2232.23,2025-07-05,69.4
